<?xml version="1.0" encoding="UTF-8"?>
<project-private xmlns="http://www.netbeans.org/ns/project-private/1">
    <editor-bookmarks xmlns="http://www.netbeans.org/ns/editor-bookmarks/2" lastBookmarkId="0"/>
    <open-files xmlns="http://www.netbeans.org/ns/projectui-open-files/2">
        <group>
            <file>file:/E:/JavaCode/FireBook2/src/service/HoaDonservice.java</file>
            <file>file:/E:/JavaCode/FireBook2/src/service/ThanhToanService.java</file>
            <file>file:/E:/JavaCode/FireBook2/src/model/GioHang.java</file>
            <file>file:/E:/JavaCode/FireBook2/src/View/ThanhToan.java</file>
            <file>file:/E:/JavaCode/FireBook2/src/View/Main.java</file>
        </group>
    </open-files>
</project-private>
