<?xml version="1.0" encoding="UTF-8"?>
<project-private xmlns="http://www.netbeans.org/ns/project-private/1">
    <editor-bookmarks xmlns="http://www.netbeans.org/ns/editor-bookmarks/2" lastBookmarkId="0"/>
    <open-files xmlns="http://www.netbeans.org/ns/projectui-open-files/2">
        <group>
            <file>file:/D:/Du%20an%201/FireBook2/src/View/FormSanPhamChiTiet.java</file>
            <file>file:/D:/Du%20an%201/FireBook2/src/Service/SanPhamService.java</file>
        </group>
    </open-files>
</project-private>
